emp_id,emp_name,department,email
EMP0001,Employee 1,HR,employee1@company.com
EMP0002,Employee 2,Sales,employee2@company.com
EMP0003,Employee 3,Finance,employee3@company.com
EMP0004,Employee 4,Admin,employee4@company.com
EMP0005,Employee 5,IT,employee5@company.com
EMP0006,Employee 6,HR,employee6@company.com
EMP0007,Employee 7,Sales,employee7@company.com
EMP0008,Employee 8,Finance,employee8@company.com
EMP0009,Employee 9,Admin,employee9@company.com
EMP0010,Employee 10,IT,employee10@company.com
EMP0011,Employee 11,HR,employee11@company.com
EMP0012,Employee 12,Sales,employee12@company.com
EMP0013,Employee 13,Finance,employee13@company.com
EMP0014,Employee 14,Admin,employee14@company.com
EMP0015,Employee 15,IT,employee15@company.com
EMP0016,Employee 16,HR,employee16@company.com
EMP0017,Employee 17,Sales,employee17@company.com
EMP0018,Employee 18,Finance,employee18@company.com
EMP0019,Employee 19,Admin,employee19@company.com
EMP0020,Employee 20,IT,employee20@company.com
EMP0021,Employee 21,HR,employee21@company.com
EMP0022,Employee 22,Sales,employee22@company.com
EMP0023,Employee 23,Finance,employee23@company.com
EMP0024,Employee 24,Admin,employee24@company.com
EMP0025,Employee 25,IT,employee25@company.com
EMP0026,Employee 26,HR,employee26@company.com
EMP0027,Employee 27,Sales,employee27@company.com
EMP0028,Employee 28,Finance,employee28@company.com
EMP0029,Employee 29,Admin,employee29@company.com
EMP0030,Employee 30,IT,employee30@company.com
EMP0031,Employee 31,HR,employee31@company.com
EMP0032,Employee 32,Sales,employee32@company.com
EMP0033,Employee 33,Finance,employee33@company.com
EMP0034,Employee 34,Admin,employee34@company.com
EMP0035,Employee 35,IT,employee35@company.com
EMP0036,Employee 36,HR,employee36@company.com
EMP0037,Employee 37,Sales,employee37@company.com
EMP0038,Employee 38,Finance,employee38@company.com
EMP0039,Employee 39,Admin,employee39@company.com
EMP0040,Employee 40,IT,employee40@company.com
EMP0041,Employee 41,HR,employee41@company.com
EMP0042,Employee 42,Sales,employee42@company.com
EMP0043,Employee 43,Finance,employee43@company.com
EMP0044,Employee 44,Admin,employee44@company.com
EMP0045,Employee 45,IT,employee45@company.com
EMP0046,Employee 46,HR,employee46@company.com
EMP0047,Employee 47,Sales,employee47@company.com
EMP0048,Employee 48,Finance,employee48@company.com
EMP0049,Employee 49,Admin,employee49@company.com
EMP0050,Employee 50,IT,employee50@company.com
EMP0051,Employee 51,HR,employee51@company.com
EMP0052,Employee 52,Sales,employee52@company.com
EMP0053,Employee 53,Finance,employee53@company.com
EMP0054,Employee 54,Admin,employee54@company.com
EMP0055,Employee 55,IT,employee55@company.com
EMP0056,Employee 56,HR,employee56@company.com
EMP0057,Employee 57,Sales,employee57@company.com
EMP0058,Employee 58,Finance,employee58@company.com
EMP0059,Employee 59,Admin,employee59@company.com
EMP0060,Employee 60,IT,employee60@company.com
EMP0061,Employee 61,HR,employee61@company.com
EMP0062,Employee 62,Sales,employee62@company.com
EMP0063,Employee 63,Finance,employee63@company.com
EMP0064,Employee 64,Admin,employee64@company.com
EMP0065,Employee 65,IT,employee65@company.com
EMP0066,Employee 66,HR,employee66@company.com
EMP0067,Employee 67,Sales,employee67@company.com
EMP0068,Employee 68,Finance,employee68@company.com
EMP0069,Employee 69,Admin,employee69@company.com
EMP0070,Employee 70,IT,employee70@company.com
EMP0071,Employee 71,HR,employee71@company.com
EMP0072,Employee 72,Sales,employee72@company.com
EMP0073,Employee 73,Finance,employee73@company.com
EMP0074,Employee 74,Admin,employee74@company.com
EMP0075,Employee 75,IT,employee75@company.com
EMP0076,Employee 76,HR,employee76@company.com
EMP0077,Employee 77,Sales,employee77@company.com
EMP0078,Employee 78,Finance,employee78@company.com
EMP0079,Employee 79,Admin,employee79@company.com
EMP0080,Employee 80,IT,employee80@company.com
EMP0081,Employee 81,HR,employee81@company.com
EMP0082,Employee 82,Sales,employee82@company.com
EMP0083,Employee 83,Finance,employee83@company.com
EMP0084,Employee 84,Admin,employee84@company.com
EMP0085,Employee 85,IT,employee85@company.com
EMP0086,Employee 86,HR,employee86@company.com
EMP0087,Employee 87,Sales,employee87@company.com
EMP0088,Employee 88,Finance,employee88@company.com
EMP0089,Employee 89,Admin,employee89@company.com
EMP0090,Employee 90,IT,employee90@company.com
EMP0091,Employee 91,HR,employee91@company.com
EMP0092,Employee 92,Sales,employee92@company.com
EMP0093,Employee 93,Finance,employee93@company.com
EMP0094,Employee 94,Admin,employee94@company.com
EMP0095,Employee 95,IT,employee95@company.com
EMP0096,Employee 96,HR,employee96@company.com
EMP0097,Employee 97,Sales,employee97@company.com
EMP0098,Employee 98,Finance,employee98@company.com
EMP0099,Employee 99,Admin,employee99@company.com
EMP0100,Employee 100,IT,employee100@company.com
EMP0101,Employee 101,HR,employee101@company.com
EMP0102,Employee 102,Sales,employee102@company.com
EMP0103,Employee 103,Finance,employee103@company.com
EMP0104,Employee 104,Admin,employee104@company.com
EMP0105,Employee 105,IT,employee105@company.com
EMP0106,Employee 106,HR,employee106@company.com
EMP0107,Employee 107,Sales,employee107@company.com
EMP0108,Employee 108,Finance,employee108@company.com
EMP0109,Employee 109,Admin,employee109@company.com
EMP0110,Employee 110,IT,employee110@company.com
EMP0111,Employee 111,HR,employee111@company.com
EMP0112,Employee 112,Sales,employee112@company.com
EMP0113,Employee 113,Finance,employee113@company.com
EMP0114,Employee 114,Admin,employee114@company.com
EMP0115,Employee 115,IT,employee115@company.com
EMP0116,Employee 116,HR,employee116@company.com
EMP0117,Employee 117,Sales,employee117@company.com
EMP0118,Employee 118,Finance,employee118@company.com
EMP0119,Employee 119,Admin,employee119@company.com
EMP0120,Employee 120,IT,employee120@company.com
EMP0121,Employee 121,HR,employee121@company.com
EMP0122,Employee 122,Sales,employee122@company.com
EMP0123,Employee 123,Finance,employee123@company.com
EMP0124,Employee 124,Admin,employee124@company.com
EMP0125,Employee 125,IT,employee125@company.com
EMP0126,Employee 126,HR,employee126@company.com
EMP0127,Employee 127,Sales,employee127@company.com
EMP0128,Employee 128,Finance,employee128@company.com
EMP0129,Employee 129,Admin,employee129@company.com
EMP0130,Employee 130,IT,employee130@company.com
EMP0131,Employee 131,HR,employee131@company.com
EMP0132,Employee 132,Sales,employee132@company.com
EMP0133,Employee 133,Finance,employee133@company.com
EMP0134,Employee 134,Admin,employee134@company.com
EMP0135,Employee 135,IT,employee135@company.com
EMP0136,Employee 136,HR,employee136@company.com
EMP0137,Employee 137,Sales,employee137@company.com
EMP0138,Employee 138,Finance,employee138@company.com
EMP0139,Employee 139,Admin,employee139@company.com
EMP0140,Employee 140,IT,employee140@company.com
EMP0141,Employee 141,HR,employee141@company.com
EMP0142,Employee 142,Sales,employee142@company.com
EMP0143,Employee 143,Finance,employee143@company.com
EMP0144,Employee 144,Admin,employee144@company.com
EMP0145,Employee 145,IT,employee145@company.com
EMP0146,Employee 146,HR,employee146@company.com
EMP0147,Employee 147,Sales,employee147@company.com
EMP0148,Employee 148,Finance,employee148@company.com
EMP0149,Employee 149,Admin,employee149@company.com
EMP0150,Employee 150,IT,employee150@company.com
EMP0151,Employee 151,HR,employee151@company.com
EMP0152,Employee 152,Sales,employee152@company.com
EMP0153,Employee 153,Finance,employee153@company.com
EMP0154,Employee 154,Admin,employee154@company.com
EMP0155,Employee 155,IT,employee155@company.com
EMP0156,Employee 156,HR,employee156@company.com
EMP0157,Employee 157,Sales,employee157@company.com
EMP0158,Employee 158,Finance,employee158@company.com
EMP0159,Employee 159,Admin,employee159@company.com
EMP0160,Employee 160,IT,employee160@company.com
EMP0161,Employee 161,HR,employee161@company.com
EMP0162,Employee 162,Sales,employee162@company.com
EMP0163,Employee 163,Finance,employee163@company.com
EMP0164,Employee 164,Admin,employee164@company.com
EMP0165,Employee 165,IT,employee165@company.com
EMP0166,Employee 166,HR,employee166@company.com
EMP0167,Employee 167,Sales,employee167@company.com
EMP0168,Employee 168,Finance,employee168@company.com
EMP0169,Employee 169,Admin,employee169@company.com
EMP0170,Employee 170,IT,employee170@company.com
EMP0171,Employee 171,HR,employee171@company.com
EMP0172,Employee 172,Sales,employee172@company.com
EMP0173,Employee 173,Finance,employee173@company.com
EMP0174,Employee 174,Admin,employee174@company.com
EMP0175,Employee 175,IT,employee175@company.com
EMP0176,Employee 176,HR,employee176@company.com
EMP0177,Employee 177,Sales,employee177@company.com
EMP0178,Employee 178,Finance,employee178@company.com
EMP0179,Employee 179,Admin,employee179@company.com
EMP0180,Employee 180,IT,employee180@company.com
EMP0181,Employee 181,HR,employee181@company.com
EMP0182,Employee 182,Sales,employee182@company.com
EMP0183,Employee 183,Finance,employee183@company.com
EMP0184,Employee 184,Admin,employee184@company.com
EMP0185,Employee 185,IT,employee185@company.com
EMP0186,Employee 186,HR,employee186@company.com
EMP0187,Employee 187,Sales,employee187@company.com
EMP0188,Employee 188,Finance,employee188@company.com
EMP0189,Employee 189,Admin,employee189@company.com
EMP0190,Employee 190,IT,employee190@company.com
EMP0191,Employee 191,HR,employee191@company.com
EMP0192,Employee 192,Sales,employee192@company.com
EMP0193,Employee 193,Finance,employee193@company.com
EMP0194,Employee 194,Admin,employee194@company.com
EMP0195,Employee 195,IT,employee195@company.com
EMP0196,Employee 196,HR,employee196@company.com
EMP0197,Employee 197,Sales,employee197@company.com
EMP0198,Employee 198,Finance,employee198@company.com
EMP0199,Employee 199,Admin,employee199@company.com
EMP0200,Employee 200,IT,employee200@company.com
EMP0201,Employee 201,HR,employee201@company.com
EMP0202,Employee 202,Sales,employee202@company.com
EMP0203,Employee 203,Finance,employee203@company.com
EMP0204,Employee 204,Admin,employee204@company.com
EMP0205,Employee 205,IT,employee205@company.com
EMP0206,Employee 206,HR,employee206@company.com
EMP0207,Employee 207,Sales,employee207@company.com
EMP0208,Employee 208,Finance,employee208@company.com
EMP0209,Employee 209,Admin,employee209@company.com
EMP0210,Employee 210,IT,employee210@company.com
EMP0211,Employee 211,HR,employee211@company.com
EMP0212,Employee 212,Sales,employee212@company.com
EMP0213,Employee 213,Finance,employee213@company.com
EMP0214,Employee 214,Admin,employee214@company.com
EMP0215,Employee 215,IT,employee215@company.com
EMP0216,Employee 216,HR,employee216@company.com
EMP0217,Employee 217,Sales,employee217@company.com
EMP0218,Employee 218,Finance,employee218@company.com
EMP0219,Employee 219,Admin,employee219@company.com
EMP0220,Employee 220,IT,employee220@company.com
EMP0221,Employee 221,HR,employee221@company.com
EMP0222,Employee 222,Sales,employee222@company.com
EMP0223,Employee 223,Finance,employee223@company.com
EMP0224,Employee 224,Admin,employee224@company.com
EMP0225,Employee 225,IT,employee225@company.com
EMP0226,Employee 226,HR,employee226@company.com
EMP0227,Employee 227,Sales,employee227@company.com
EMP0228,Employee 228,Finance,employee228@company.com
EMP0229,Employee 229,Admin,employee229@company.com
EMP0230,Employee 230,IT,employee230@company.com
EMP0231,Employee 231,HR,employee231@company.com
EMP0232,Employee 232,Sales,employee232@company.com
EMP0233,Employee 233,Finance,employee233@company.com
EMP0234,Employee 234,Admin,employee234@company.com
EMP0235,Employee 235,IT,employee235@company.com
EMP0236,Employee 236,HR,employee236@company.com
EMP0237,Employee 237,Sales,employee237@company.com
EMP0238,Employee 238,Finance,employee238@company.com
EMP0239,Employee 239,Admin,employee239@company.com
EMP0240,Employee 240,IT,employee240@company.com
EMP0241,Employee 241,HR,employee241@company.com
EMP0242,Employee 242,Sales,employee242@company.com
EMP0243,Employee 243,Finance,employee243@company.com
EMP0244,Employee 244,Admin,employee244@company.com
EMP0245,Employee 245,IT,employee245@company.com
EMP0246,Employee 246,HR,employee246@company.com
EMP0247,Employee 247,Sales,employee247@company.com
EMP0248,Employee 248,Finance,employee248@company.com
EMP0249,Employee 249,Admin,employee249@company.com
EMP0250,Employee 250,IT,employee250@company.com
EMP0251,Employee 251,HR,employee251@company.com
EMP0252,Employee 252,Sales,employee252@company.com
EMP0253,Employee 253,Finance,employee253@company.com
EMP0254,Employee 254,Admin,employee254@company.com
EMP0255,Employee 255,IT,employee255@company.com
EMP0256,Employee 256,HR,employee256@company.com
EMP0257,Employee 257,Sales,employee257@company.com
EMP0258,Employee 258,Finance,employee258@company.com
EMP0259,Employee 259,Admin,employee259@company.com
EMP0260,Employee 260,IT,employee260@company.com
EMP0261,Employee 261,HR,employee261@company.com
EMP0262,Employee 262,Sales,employee262@company.com
EMP0263,Employee 263,Finance,employee263@company.com
EMP0264,Employee 264,Admin,employee264@company.com
EMP0265,Employee 265,IT,employee265@company.com
EMP0266,Employee 266,HR,employee266@company.com
EMP0267,Employee 267,Sales,employee267@company.com
EMP0268,Employee 268,Finance,employee268@company.com
EMP0269,Employee 269,Admin,employee269@company.com
EMP0270,Employee 270,IT,employee270@company.com
EMP0271,Employee 271,HR,employee271@company.com
EMP0272,Employee 272,Sales,employee272@company.com
EMP0273,Employee 273,Finance,employee273@company.com
EMP0274,Employee 274,Admin,employee274@company.com
EMP0275,Employee 275,IT,employee275@company.com
EMP0276,Employee 276,HR,employee276@company.com
EMP0277,Employee 277,Sales,employee277@company.com
EMP0278,Employee 278,Finance,employee278@company.com
EMP0279,Employee 279,Admin,employee279@company.com
EMP0280,Employee 280,IT,employee280@company.com
EMP0281,Employee 281,HR,employee281@company.com
EMP0282,Employee 282,Sales,employee282@company.com
EMP0283,Employee 283,Finance,employee283@company.com
EMP0284,Employee 284,Admin,employee284@company.com
EMP0285,Employee 285,IT,employee285@company.com
EMP0286,Employee 286,HR,employee286@company.com
EMP0287,Employee 287,Sales,employee287@company.com
EMP0288,Employee 288,Finance,employee288@company.com
EMP0289,Employee 289,Admin,employee289@company.com
EMP0290,Employee 290,IT,employee290@company.com
EMP0291,Employee 291,HR,employee291@company.com
EMP0292,Employee 292,Sales,employee292@company.com
EMP0293,Employee 293,Finance,employee293@company.com
EMP0294,Employee 294,Admin,employee294@company.com
EMP0295,Employee 295,IT,employee295@company.com
EMP0296,Employee 296,HR,employee296@company.com
EMP0297,Employee 297,Sales,employee297@company.com
EMP0298,Employee 298,Finance,employee298@company.com
EMP0299,Employee 299,Admin,employee299@company.com
EMP0300,Employee 300,IT,employee300@company.com
EMP0301,Employee 301,HR,employee301@company.com
EMP0302,Employee 302,Sales,employee302@company.com
EMP0303,Employee 303,Finance,employee303@company.com
EMP0304,Employee 304,Admin,employee304@company.com
EMP0305,Employee 305,IT,employee305@company.com
EMP0306,Employee 306,HR,employee306@company.com
EMP0307,Employee 307,Sales,employee307@company.com
EMP0308,Employee 308,Finance,employee308@company.com
EMP0309,Employee 309,Admin,employee309@company.com
EMP0310,Employee 310,IT,employee310@company.com
EMP0311,Employee 311,HR,employee311@company.com
EMP0312,Employee 312,Sales,employee312@company.com
EMP0313,Employee 313,Finance,employee313@company.com
EMP0314,Employee 314,Admin,employee314@company.com
EMP0315,Employee 315,IT,employee315@company.com
EMP0316,Employee 316,HR,employee316@company.com
EMP0317,Employee 317,Sales,employee317@company.com
EMP0318,Employee 318,Finance,employee318@company.com
EMP0319,Employee 319,Admin,employee319@company.com
EMP0320,Employee 320,IT,employee320@company.com
EMP0321,Employee 321,HR,employee321@company.com
EMP0322,Employee 322,Sales,employee322@company.com
EMP0323,Employee 323,Finance,employee323@company.com
EMP0324,Employee 324,Admin,employee324@company.com
EMP0325,Employee 325,IT,employee325@company.com
EMP0326,Employee 326,HR,employee326@company.com
EMP0327,Employee 327,Sales,employee327@company.com
EMP0328,Employee 328,Finance,employee328@company.com
EMP0329,Employee 329,Admin,employee329@company.com
EMP0330,Employee 330,IT,employee330@company.com
EMP0331,Employee 331,HR,employee331@company.com
EMP0332,Employee 332,Sales,employee332@company.com
EMP0333,Employee 333,Finance,employee333@company.com
EMP0334,Employee 334,Admin,employee334@company.com
EMP0335,Employee 335,IT,employee335@company.com
EMP0336,Employee 336,HR,employee336@company.com
EMP0337,Employee 337,Sales,employee337@company.com
EMP0338,Employee 338,Finance,employee338@company.com
EMP0339,Employee 339,Admin,employee339@company.com
EMP0340,Employee 340,IT,employee340@company.com
EMP0341,Employee 341,HR,employee341@company.com
EMP0342,Employee 342,Sales,employee342@company.com
EMP0343,Employee 343,Finance,employee343@company.com
EMP0344,Employee 344,Admin,employee344@company.com
EMP0345,Employee 345,IT,employee345@company.com
EMP0346,Employee 346,HR,employee346@company.com
EMP0347,Employee 347,Sales,employee347@company.com
EMP0348,Employee 348,Finance,employee348@company.com
EMP0349,Employee 349,Admin,employee349@company.com
EMP0350,Employee 350,IT,employee350@company.com
EMP0351,Employee 351,HR,employee351@company.com
EMP0352,Employee 352,Sales,employee352@company.com
EMP0353,Employee 353,Finance,employee353@company.com
EMP0354,Employee 354,Admin,employee354@company.com
EMP0355,Employee 355,IT,employee355@company.com
EMP0356,Employee 356,HR,employee356@company.com
EMP0357,Employee 357,Sales,employee357@company.com
EMP0358,Employee 358,Finance,employee358@company.com
EMP0359,Employee 359,Admin,employee359@company.com
EMP0360,Employee 360,IT,employee360@company.com
EMP0361,Employee 361,HR,employee361@company.com
EMP0362,Employee 362,Sales,employee362@company.com
EMP0363,Employee 363,Finance,employee363@company.com
EMP0364,Employee 364,Admin,employee364@company.com
EMP0365,Employee 365,IT,employee365@company.com
EMP0366,Employee 366,HR,employee366@company.com
EMP0367,Employee 367,Sales,employee367@company.com
EMP0368,Employee 368,Finance,employee368@company.com
EMP0369,Employee 369,Admin,employee369@company.com
EMP0370,Employee 370,IT,employee370@company.com
EMP0371,Employee 371,HR,employee371@company.com
EMP0372,Employee 372,Sales,employee372@company.com
EMP0373,Employee 373,Finance,employee373@company.com
EMP0374,Employee 374,Admin,employee374@company.com
EMP0375,Employee 375,IT,employee375@company.com
EMP0376,Employee 376,HR,employee376@company.com
EMP0377,Employee 377,Sales,employee377@company.com
EMP0378,Employee 378,Finance,employee378@company.com
EMP0379,Employee 379,Admin,employee379@company.com
EMP0380,Employee 380,IT,employee380@company.com
EMP0381,Employee 381,HR,employee381@company.com
EMP0382,Employee 382,Sales,employee382@company.com
EMP0383,Employee 383,Finance,employee383@company.com
EMP0384,Employee 384,Admin,employee384@company.com
EMP0385,Employee 385,IT,employee385@company.com
EMP0386,Employee 386,HR,employee386@company.com
EMP0387,Employee 387,Sales,employee387@company.com
EMP0388,Employee 388,Finance,employee388@company.com
EMP0389,Employee 389,Admin,employee389@company.com
EMP0390,Employee 390,IT,employee390@company.com
EMP0391,Employee 391,HR,employee391@company.com
EMP0392,Employee 392,Sales,employee392@company.com
EMP0393,Employee 393,Finance,employee393@company.com
EMP0394,Employee 394,Admin,employee394@company.com
EMP0395,Employee 395,IT,employee395@company.com
EMP0396,Employee 396,HR,employee396@company.com
EMP0397,Employee 397,Sales,employee397@company.com
EMP0398,Employee 398,Finance,employee398@company.com
EMP0399,Employee 399,Admin,employee399@company.com
EMP0400,Employee 400,IT,employee400@company.com
EMP0401,Employee 401,HR,employee401@company.com
EMP0402,Employee 402,Sales,employee402@company.com
EMP0403,Employee 403,Finance,employee403@company.com
EMP0404,Employee 404,Admin,employee404@company.com
EMP0405,Employee 405,IT,employee405@company.com
EMP0406,Employee 406,HR,employee406@company.com
EMP0407,Employee 407,Sales,employee407@company.com
EMP0408,Employee 408,Finance,employee408@company.com
EMP0409,Employee 409,Admin,employee409@company.com
EMP0410,Employee 410,IT,employee410@company.com
EMP0411,Employee 411,HR,employee411@company.com
EMP0412,Employee 412,Sales,employee412@company.com
EMP0413,Employee 413,Finance,employee413@company.com
EMP0414,Employee 414,Admin,employee414@company.com
EMP0415,Employee 415,IT,employee415@company.com
EMP0416,Employee 416,HR,employee416@company.com
EMP0417,Employee 417,Sales,employee417@company.com
EMP0418,Employee 418,Finance,employee418@company.com
EMP0419,Employee 419,Admin,employee419@company.com
EMP0420,Employee 420,IT,employee420@company.com
EMP0421,Employee 421,HR,employee421@company.com
EMP0422,Employee 422,Sales,employee422@company.com
EMP0423,Employee 423,Finance,employee423@company.com
EMP0424,Employee 424,Admin,employee424@company.com
EMP0425,Employee 425,IT,employee425@company.com
EMP0426,Employee 426,HR,employee426@company.com
EMP0427,Employee 427,Sales,employee427@company.com
EMP0428,Employee 428,Finance,employee428@company.com
EMP0429,Employee 429,Admin,employee429@company.com
EMP0430,Employee 430,IT,employee430@company.com
EMP0431,Employee 431,HR,employee431@company.com
EMP0432,Employee 432,Sales,employee432@company.com
EMP0433,Employee 433,Finance,employee433@company.com
EMP0434,Employee 434,Admin,employee434@company.com
EMP0435,Employee 435,IT,employee435@company.com
EMP0436,Employee 436,HR,employee436@company.com
EMP0437,Employee 437,Sales,employee437@company.com
EMP0438,Employee 438,Finance,employee438@company.com
EMP0439,Employee 439,Admin,employee439@company.com
EMP0440,Employee 440,IT,employee440@company.com
EMP0441,Employee 441,HR,employee441@company.com
EMP0442,Employee 442,Sales,employee442@company.com
EMP0443,Employee 443,Finance,employee443@company.com
EMP0444,Employee 444,Admin,employee444@company.com
EMP0445,Employee 445,IT,employee445@company.com
EMP0446,Employee 446,HR,employee446@company.com
EMP0447,Employee 447,Sales,employee447@company.com
EMP0448,Employee 448,Finance,employee448@company.com
EMP0449,Employee 449,Admin,employee449@company.com
EMP0450,Employee 450,IT,employee450@company.com
EMP0451,Employee 451,HR,employee451@company.com
EMP0452,Employee 452,Sales,employee452@company.com
EMP0453,Employee 453,Finance,employee453@company.com
EMP0454,Employee 454,Admin,employee454@company.com
EMP0455,Employee 455,IT,employee455@company.com
EMP0456,Employee 456,HR,employee456@company.com
EMP0457,Employee 457,Sales,employee457@company.com
EMP0458,Employee 458,Finance,employee458@company.com
EMP0459,Employee 459,Admin,employee459@company.com
EMP0460,Employee 460,IT,employee460@company.com
EMP0461,Employee 461,HR,employee461@company.com
EMP0462,Employee 462,Sales,employee462@company.com
EMP0463,Employee 463,Finance,employee463@company.com
EMP0464,Employee 464,Admin,employee464@company.com
EMP0465,Employee 465,IT,employee465@company.com
EMP0466,Employee 466,HR,employee466@company.com
EMP0467,Employee 467,Sales,employee467@company.com
EMP0468,Employee 468,Finance,employee468@company.com
EMP0469,Employee 469,Admin,employee469@company.com
EMP0470,Employee 470,IT,employee470@company.com
EMP0471,Employee 471,HR,employee471@company.com
EMP0472,Employee 472,Sales,employee472@company.com
EMP0473,Employee 473,Finance,employee473@company.com
EMP0474,Employee 474,Admin,employee474@company.com
EMP0475,Employee 475,IT,employee475@company.com
EMP0476,Employee 476,HR,employee476@company.com
EMP0477,Employee 477,Sales,employee477@company.com
EMP0478,Employee 478,Finance,employee478@company.com
EMP0479,Employee 479,Admin,employee479@company.com
EMP0480,Employee 480,IT,employee480@company.com
EMP0481,Employee 481,HR,employee481@company.com
EMP0482,Employee 482,Sales,employee482@company.com
EMP0483,Employee 483,Finance,employee483@company.com
EMP0484,Employee 484,Admin,employee484@company.com
EMP0485,Employee 485,IT,employee485@company.com
EMP0486,Employee 486,HR,employee486@company.com
EMP0487,Employee 487,Sales,employee487@company.com
EMP0488,Employee 488,Finance,employee488@company.com
EMP0489,Employee 489,Admin,employee489@company.com
EMP0490,Employee 490,IT,employee490@company.com
EMP0491,Employee 491,HR,employee491@company.com
EMP0492,Employee 492,Sales,employee492@company.com
EMP0493,Employee 493,Finance,employee493@company.com
EMP0494,Employee 494,Admin,employee494@company.com
EMP0495,Employee 495,IT,employee495@company.com
EMP0496,Employee 496,HR,employee496@company.com
EMP0497,Employee 497,Sales,employee497@company.com
EMP0498,Employee 498,Finance,employee498@company.com
EMP0499,Employee 499,Admin,employee499@company.com
EMP0500,Employee 500,IT,employee500@company.com
EMP0501,Employee 501,HR,employee501@company.com
EMP0502,Employee 502,Sales,employee502@company.com
EMP0503,Employee 503,Finance,employee503@company.com
EMP0504,Employee 504,Admin,employee504@company.com
EMP0505,Employee 505,IT,employee505@company.com
EMP0506,Employee 506,HR,employee506@company.com
EMP0507,Employee 507,Sales,employee507@company.com
EMP0508,Employee 508,Finance,employee508@company.com
EMP0509,Employee 509,Admin,employee509@company.com
EMP0510,Employee 510,IT,employee510@company.com
EMP0511,Employee 511,HR,employee511@company.com
EMP0512,Employee 512,Sales,employee512@company.com
EMP0513,Employee 513,Finance,employee513@company.com
EMP0514,Employee 514,Admin,employee514@company.com
EMP0515,Employee 515,IT,employee515@company.com
EMP0516,Employee 516,HR,employee516@company.com
EMP0517,Employee 517,Sales,employee517@company.com
EMP0518,Employee 518,Finance,employee518@company.com
EMP0519,Employee 519,Admin,employee519@company.com
EMP0520,Employee 520,IT,employee520@company.com
EMP0521,Employee 521,HR,employee521@company.com
EMP0522,Employee 522,Sales,employee522@company.com
EMP0523,Employee 523,Finance,employee523@company.com
EMP0524,Employee 524,Admin,employee524@company.com
EMP0525,Employee 525,IT,employee525@company.com
EMP0526,Employee 526,HR,employee526@company.com
EMP0527,Employee 527,Sales,employee527@company.com
EMP0528,Employee 528,Finance,employee528@company.com
EMP0529,Employee 529,Admin,employee529@company.com
EMP0530,Employee 530,IT,employee530@company.com
EMP0531,Employee 531,HR,employee531@company.com
EMP0532,Employee 532,Sales,employee532@company.com
EMP0533,Employee 533,Finance,employee533@company.com
EMP0534,Employee 534,Admin,employee534@company.com
EMP0535,Employee 535,IT,employee535@company.com
EMP0536,Employee 536,HR,employee536@company.com
EMP0537,Employee 537,Sales,employee537@company.com
EMP0538,Employee 538,Finance,employee538@company.com
EMP0539,Employee 539,Admin,employee539@company.com
EMP0540,Employee 540,IT,employee540@company.com
EMP0541,Employee 541,HR,employee541@company.com
EMP0542,Employee 542,Sales,employee542@company.com
EMP0543,Employee 543,Finance,employee543@company.com
EMP0544,Employee 544,Admin,employee544@company.com
EMP0545,Employee 545,IT,employee545@company.com
EMP0546,Employee 546,HR,employee546@company.com
EMP0547,Employee 547,Sales,employee547@company.com
EMP0548,Employee 548,Finance,employee548@company.com
EMP0549,Employee 549,Admin,employee549@company.com
EMP0550,Employee 550,IT,employee550@company.com
EMP0551,Employee 551,HR,employee551@company.com
EMP0552,Employee 552,Sales,employee552@company.com
EMP0553,Employee 553,Finance,employee553@company.com
EMP0554,Employee 554,Admin,employee554@company.com
EMP0555,Employee 555,IT,employee555@company.com
EMP0556,Employee 556,HR,employee556@company.com
EMP0557,Employee 557,Sales,employee557@company.com
EMP0558,Employee 558,Finance,employee558@company.com
EMP0559,Employee 559,Admin,employee559@company.com
EMP0560,Employee 560,IT,employee560@company.com
EMP0561,Employee 561,HR,employee561@company.com
EMP0562,Employee 562,Sales,employee562@company.com
EMP0563,Employee 563,Finance,employee563@company.com
EMP0564,Employee 564,Admin,employee564@company.com
EMP0565,Employee 565,IT,employee565@company.com
EMP0566,Employee 566,HR,employee566@company.com
EMP0567,Employee 567,Sales,employee567@company.com
EMP0568,Employee 568,Finance,employee568@company.com
EMP0569,Employee 569,Admin,employee569@company.com
EMP0570,Employee 570,IT,employee570@company.com
EMP0571,Employee 571,HR,employee571@company.com
EMP0572,Employee 572,Sales,employee572@company.com
EMP0573,Employee 573,Finance,employee573@company.com
EMP0574,Employee 574,Admin,employee574@company.com
EMP0575,Employee 575,IT,employee575@company.com
EMP0576,Employee 576,HR,employee576@company.com
EMP0577,Employee 577,Sales,employee577@company.com
EMP0578,Employee 578,Finance,employee578@company.com
EMP0579,Employee 579,Admin,employee579@company.com
EMP0580,Employee 580,IT,employee580@company.com
EMP0581,Employee 581,HR,employee581@company.com
EMP0582,Employee 582,Sales,employee582@company.com
EMP0583,Employee 583,Finance,employee583@company.com
EMP0584,Employee 584,Admin,employee584@company.com
EMP0585,Employee 585,IT,employee585@company.com
EMP0586,Employee 586,HR,employee586@company.com
EMP0587,Employee 587,Sales,employee587@company.com
EMP0588,Employee 588,Finance,employee588@company.com
EMP0589,Employee 589,Admin,employee589@company.com
EMP0590,Employee 590,IT,employee590@company.com
EMP0591,Employee 591,HR,employee591@company.com
EMP0592,Employee 592,Sales,employee592@company.com
EMP0593,Employee 593,Finance,employee593@company.com
EMP0594,Employee 594,Admin,employee594@company.com
EMP0595,Employee 595,IT,employee595@company.com
EMP0596,Employee 596,HR,employee596@company.com
EMP0597,Employee 597,Sales,employee597@company.com
EMP0598,Employee 598,Finance,employee598@company.com
EMP0599,Employee 599,Admin,employee599@company.com
EMP0600,Employee 600,IT,employee600@company.com
EMP0601,Employee 601,HR,employee601@company.com
EMP0602,Employee 602,Sales,employee602@company.com
EMP0603,Employee 603,Finance,employee603@company.com
EMP0604,Employee 604,Admin,employee604@company.com
EMP0605,Employee 605,IT,employee605@company.com
EMP0606,Employee 606,HR,employee606@company.com
EMP0607,Employee 607,Sales,employee607@company.com
EMP0608,Employee 608,Finance,employee608@company.com
EMP0609,Employee 609,Admin,employee609@company.com
EMP0610,Employee 610,IT,employee610@company.com
EMP0611,Employee 611,HR,employee611@company.com
EMP0612,Employee 612,Sales,employee612@company.com
EMP0613,Employee 613,Finance,employee613@company.com
EMP0614,Employee 614,Admin,employee614@company.com
EMP0615,Employee 615,IT,employee615@company.com
EMP0616,Employee 616,HR,employee616@company.com
EMP0617,Employee 617,Sales,employee617@company.com
EMP0618,Employee 618,Finance,employee618@company.com
EMP0619,Employee 619,Admin,employee619@company.com
EMP0620,Employee 620,IT,employee620@company.com
EMP0621,Employee 621,HR,employee621@company.com
EMP0622,Employee 622,Sales,employee622@company.com
EMP0623,Employee 623,Finance,employee623@company.com
EMP0624,Employee 624,Admin,employee624@company.com
EMP0625,Employee 625,IT,employee625@company.com
EMP0626,Employee 626,HR,employee626@company.com
EMP0627,Employee 627,Sales,employee627@company.com
EMP0628,Employee 628,Finance,employee628@company.com
EMP0629,Employee 629,Admin,employee629@company.com
EMP0630,Employee 630,IT,employee630@company.com
EMP0631,Employee 631,HR,employee631@company.com
EMP0632,Employee 632,Sales,employee632@company.com
EMP0633,Employee 633,Finance,employee633@company.com
EMP0634,Employee 634,Admin,employee634@company.com
EMP0635,Employee 635,IT,employee635@company.com
EMP0636,Employee 636,HR,employee636@company.com
EMP0637,Employee 637,Sales,employee637@company.com
EMP0638,Employee 638,Finance,employee638@company.com
EMP0639,Employee 639,Admin,employee639@company.com
EMP0640,Employee 640,IT,employee640@company.com
EMP0641,Employee 641,HR,employee641@company.com
EMP0642,Employee 642,Sales,employee642@company.com
EMP0643,Employee 643,Finance,employee643@company.com
EMP0644,Employee 644,Admin,employee644@company.com
EMP0645,Employee 645,IT,employee645@company.com
EMP0646,Employee 646,HR,employee646@company.com
EMP0647,Employee 647,Sales,employee647@company.com
EMP0648,Employee 648,Finance,employee648@company.com
EMP0649,Employee 649,Admin,employee649@company.com
EMP0650,Employee 650,IT,employee650@company.com
EMP0651,Employee 651,HR,employee651@company.com
EMP0652,Employee 652,Sales,employee652@company.com
EMP0653,Employee 653,Finance,employee653@company.com
EMP0654,Employee 654,Admin,employee654@company.com
EMP0655,Employee 655,IT,employee655@company.com
EMP0656,Employee 656,HR,employee656@company.com
EMP0657,Employee 657,Sales,employee657@company.com
EMP0658,Employee 658,Finance,employee658@company.com
EMP0659,Employee 659,Admin,employee659@company.com
EMP0660,Employee 660,IT,employee660@company.com
EMP0661,Employee 661,HR,employee661@company.com
EMP0662,Employee 662,Sales,employee662@company.com
EMP0663,Employee 663,Finance,employee663@company.com
EMP0664,Employee 664,Admin,employee664@company.com
EMP0665,Employee 665,IT,employee665@company.com
EMP0666,Employee 666,HR,employee666@company.com
EMP0667,Employee 667,Sales,employee667@company.com
EMP0668,Employee 668,Finance,employee668@company.com
EMP0669,Employee 669,Admin,employee669@company.com
EMP0670,Employee 670,IT,employee670@company.com
EMP0671,Employee 671,HR,employee671@company.com
EMP0672,Employee 672,Sales,employee672@company.com
EMP0673,Employee 673,Finance,employee673@company.com
EMP0674,Employee 674,Admin,employee674@company.com
EMP0675,Employee 675,IT,employee675@company.com
EMP0676,Employee 676,HR,employee676@company.com
EMP0677,Employee 677,Sales,employee677@company.com
EMP0678,Employee 678,Finance,employee678@company.com
EMP0679,Employee 679,Admin,employee679@company.com
EMP0680,Employee 680,IT,employee680@company.com
EMP0681,Employee 681,HR,employee681@company.com
EMP0682,Employee 682,Sales,employee682@company.com
EMP0683,Employee 683,Finance,employee683@company.com
EMP0684,Employee 684,Admin,employee684@company.com
EMP0685,Employee 685,IT,employee685@company.com
EMP0686,Employee 686,HR,employee686@company.com
EMP0687,Employee 687,Sales,employee687@company.com
EMP0688,Employee 688,Finance,employee688@company.com
EMP0689,Employee 689,Admin,employee689@company.com
EMP0690,Employee 690,IT,employee690@company.com
EMP0691,Employee 691,HR,employee691@company.com
EMP0692,Employee 692,Sales,employee692@company.com
EMP0693,Employee 693,Finance,employee693@company.com
EMP0694,Employee 694,Admin,employee694@company.com
EMP0695,Employee 695,IT,employee695@company.com
EMP0696,Employee 696,HR,employee696@company.com
EMP0697,Employee 697,Sales,employee697@company.com
EMP0698,Employee 698,Finance,employee698@company.com
EMP0699,Employee 699,Admin,employee699@company.com
EMP0700,Employee 700,IT,employee700@company.com
EMP0701,Employee 701,HR,employee701@company.com
EMP0702,Employee 702,Sales,employee702@company.com
EMP0703,Employee 703,Finance,employee703@company.com
EMP0704,Employee 704,Admin,employee704@company.com
EMP0705,Employee 705,IT,employee705@company.com
EMP0706,Employee 706,HR,employee706@company.com
EMP0707,Employee 707,Sales,employee707@company.com
EMP0708,Employee 708,Finance,employee708@company.com
EMP0709,Employee 709,Admin,employee709@company.com
EMP0710,Employee 710,IT,employee710@company.com
EMP0711,Employee 711,HR,employee711@company.com
EMP0712,Employee 712,Sales,employee712@company.com
EMP0713,Employee 713,Finance,employee713@company.com
EMP0714,Employee 714,Admin,employee714@company.com
EMP0715,Employee 715,IT,employee715@company.com
EMP0716,Employee 716,HR,employee716@company.com
EMP0717,Employee 717,Sales,employee717@company.com
EMP0718,Employee 718,Finance,employee718@company.com
EMP0719,Employee 719,Admin,employee719@company.com
EMP0720,Employee 720,IT,employee720@company.com
EMP0721,Employee 721,HR,employee721@company.com
EMP0722,Employee 722,Sales,employee722@company.com
EMP0723,Employee 723,Finance,employee723@company.com
EMP0724,Employee 724,Admin,employee724@company.com
EMP0725,Employee 725,IT,employee725@company.com
EMP0726,Employee 726,HR,employee726@company.com
EMP0727,Employee 727,Sales,employee727@company.com
EMP0728,Employee 728,Finance,employee728@company.com
EMP0729,Employee 729,Admin,employee729@company.com
EMP0730,Employee 730,IT,employee730@company.com
EMP0731,Employee 731,HR,employee731@company.com
EMP0732,Employee 732,Sales,employee732@company.com
EMP0733,Employee 733,Finance,employee733@company.com
EMP0734,Employee 734,Admin,employee734@company.com
EMP0735,Employee 735,IT,employee735@company.com
EMP0736,Employee 736,HR,employee736@company.com
EMP0737,Employee 737,Sales,employee737@company.com
EMP0738,Employee 738,Finance,employee738@company.com
EMP0739,Employee 739,Admin,employee739@company.com
EMP0740,Employee 740,IT,employee740@company.com
EMP0741,Employee 741,HR,employee741@company.com
EMP0742,Employee 742,Sales,employee742@company.com
EMP0743,Employee 743,Finance,employee743@company.com
EMP0744,Employee 744,Admin,employee744@company.com
EMP0745,Employee 745,IT,employee745@company.com
EMP0746,Employee 746,HR,employee746@company.com
EMP0747,Employee 747,Sales,employee747@company.com
EMP0748,Employee 748,Finance,employee748@company.com
EMP0749,Employee 749,Admin,employee749@company.com
EMP0750,Employee 750,IT,employee750@company.com
EMP0751,Employee 751,HR,employee751@company.com
EMP0752,Employee 752,Sales,employee752@company.com
EMP0753,Employee 753,Finance,employee753@company.com
EMP0754,Employee 754,Admin,employee754@company.com
EMP0755,Employee 755,IT,employee755@company.com
EMP0756,Employee 756,HR,employee756@company.com
EMP0757,Employee 757,Sales,employee757@company.com
EMP0758,Employee 758,Finance,employee758@company.com
EMP0759,Employee 759,Admin,employee759@company.com
EMP0760,Employee 760,IT,employee760@company.com
EMP0761,Employee 761,HR,employee761@company.com
EMP0762,Employee 762,Sales,employee762@company.com
EMP0763,Employee 763,Finance,employee763@company.com
EMP0764,Employee 764,Admin,employee764@company.com
EMP0765,Employee 765,IT,employee765@company.com
EMP0766,Employee 766,HR,employee766@company.com
EMP0767,Employee 767,Sales,employee767@company.com
EMP0768,Employee 768,Finance,employee768@company.com
EMP0769,Employee 769,Admin,employee769@company.com
EMP0770,Employee 770,IT,employee770@company.com
EMP0771,Employee 771,HR,employee771@company.com
EMP0772,Employee 772,Sales,employee772@company.com
EMP0773,Employee 773,Finance,employee773@company.com
EMP0774,Employee 774,Admin,employee774@company.com
EMP0775,Employee 775,IT,employee775@company.com
EMP0776,Employee 776,HR,employee776@company.com
EMP0777,Employee 777,Sales,employee777@company.com
EMP0778,Employee 778,Finance,employee778@company.com
EMP0779,Employee 779,Admin,employee779@company.com
EMP0780,Employee 780,IT,employee780@company.com
EMP0781,Employee 781,HR,employee781@company.com
EMP0782,Employee 782,Sales,employee782@company.com
EMP0783,Employee 783,Finance,employee783@company.com
EMP0784,Employee 784,Admin,employee784@company.com
EMP0785,Employee 785,IT,employee785@company.com
EMP0786,Employee 786,HR,employee786@company.com
EMP0787,Employee 787,Sales,employee787@company.com
EMP0788,Employee 788,Finance,employee788@company.com
EMP0789,Employee 789,Admin,employee789@company.com
EMP0790,Employee 790,IT,employee790@company.com
EMP0791,Employee 791,HR,employee791@company.com
EMP0792,Employee 792,Sales,employee792@company.com
EMP0793,Employee 793,Finance,employee793@company.com
EMP0794,Employee 794,Admin,employee794@company.com
EMP0795,Employee 795,IT,employee795@company.com
EMP0796,Employee 796,HR,employee796@company.com
EMP0797,Employee 797,Sales,employee797@company.com
EMP0798,Employee 798,Finance,employee798@company.com
EMP0799,Employee 799,Admin,employee799@company.com
EMP0800,Employee 800,IT,employee800@company.com
EMP0801,Employee 801,HR,employee801@company.com
EMP0802,Employee 802,Sales,employee802@company.com
EMP0803,Employee 803,Finance,employee803@company.com
EMP0804,Employee 804,Admin,employee804@company.com
EMP0805,Employee 805,IT,employee805@company.com
EMP0806,Employee 806,HR,employee806@company.com
EMP0807,Employee 807,Sales,employee807@company.com
EMP0808,Employee 808,Finance,employee808@company.com
EMP0809,Employee 809,Admin,employee809@company.com
EMP0810,Employee 810,IT,employee810@company.com
EMP0811,Employee 811,HR,employee811@company.com
EMP0812,Employee 812,Sales,employee812@company.com
EMP0813,Employee 813,Finance,employee813@company.com
EMP0814,Employee 814,Admin,employee814@company.com
EMP0815,Employee 815,IT,employee815@company.com
EMP0816,Employee 816,HR,employee816@company.com
EMP0817,Employee 817,Sales,employee817@company.com
EMP0818,Employee 818,Finance,employee818@company.com
EMP0819,Employee 819,Admin,employee819@company.com
EMP0820,Employee 820,IT,employee820@company.com
EMP0821,Employee 821,HR,employee821@company.com
EMP0822,Employee 822,Sales,employee822@company.com
EMP0823,Employee 823,Finance,employee823@company.com
EMP0824,Employee 824,Admin,employee824@company.com
EMP0825,Employee 825,IT,employee825@company.com
EMP0826,Employee 826,HR,employee826@company.com
EMP0827,Employee 827,Sales,employee827@company.com
EMP0828,Employee 828,Finance,employee828@company.com
EMP0829,Employee 829,Admin,employee829@company.com
EMP0830,Employee 830,IT,employee830@company.com
EMP0831,Employee 831,HR,employee831@company.com
EMP0832,Employee 832,Sales,employee832@company.com
EMP0833,Employee 833,Finance,employee833@company.com
EMP0834,Employee 834,Admin,employee834@company.com
EMP0835,Employee 835,IT,employee835@company.com
EMP0836,Employee 836,HR,employee836@company.com
EMP0837,Employee 837,Sales,employee837@company.com
EMP0838,Employee 838,Finance,employee838@company.com
EMP0839,Employee 839,Admin,employee839@company.com
EMP0840,Employee 840,IT,employee840@company.com
EMP0841,Employee 841,HR,employee841@company.com
EMP0842,Employee 842,Sales,employee842@company.com
EMP0843,Employee 843,Finance,employee843@company.com
EMP0844,Employee 844,Admin,employee844@company.com
EMP0845,Employee 845,IT,employee845@company.com
EMP0846,Employee 846,HR,employee846@company.com
EMP0847,Employee 847,Sales,employee847@company.com
EMP0848,Employee 848,Finance,employee848@company.com
EMP0849,Employee 849,Admin,employee849@company.com
EMP0850,Employee 850,IT,employee850@company.com
EMP0851,Employee 851,HR,employee851@company.com
EMP0852,Employee 852,Sales,employee852@company.com
EMP0853,Employee 853,Finance,employee853@company.com
EMP0854,Employee 854,Admin,employee854@company.com
EMP0855,Employee 855,IT,employee855@company.com
EMP0856,Employee 856,HR,employee856@company.com
EMP0857,Employee 857,Sales,employee857@company.com
EMP0858,Employee 858,Finance,employee858@company.com
EMP0859,Employee 859,Admin,employee859@company.com
EMP0860,Employee 860,IT,employee860@company.com
EMP0861,Employee 861,HR,employee861@company.com
EMP0862,Employee 862,Sales,employee862@company.com
EMP0863,Employee 863,Finance,employee863@company.com
EMP0864,Employee 864,Admin,employee864@company.com
EMP0865,Employee 865,IT,employee865@company.com
EMP0866,Employee 866,HR,employee866@company.com
EMP0867,Employee 867,Sales,employee867@company.com
EMP0868,Employee 868,Finance,employee868@company.com
EMP0869,Employee 869,Admin,employee869@company.com
EMP0870,Employee 870,IT,employee870@company.com
EMP0871,Employee 871,HR,employee871@company.com
EMP0872,Employee 872,Sales,employee872@company.com
EMP0873,Employee 873,Finance,employee873@company.com
EMP0874,Employee 874,Admin,employee874@company.com
EMP0875,Employee 875,IT,employee875@company.com
EMP0876,Employee 876,HR,employee876@company.com
EMP0877,Employee 877,Sales,employee877@company.com
EMP0878,Employee 878,Finance,employee878@company.com
EMP0879,Employee 879,Admin,employee879@company.com
EMP0880,Employee 880,IT,employee880@company.com
EMP0881,Employee 881,HR,employee881@company.com
EMP0882,Employee 882,Sales,employee882@company.com
EMP0883,Employee 883,Finance,employee883@company.com
EMP0884,Employee 884,Admin,employee884@company.com
EMP0885,Employee 885,IT,employee885@company.com
EMP0886,Employee 886,HR,employee886@company.com
EMP0887,Employee 887,Sales,employee887@company.com
EMP0888,Employee 888,Finance,employee888@company.com
EMP0889,Employee 889,Admin,employee889@company.com
EMP0890,Employee 890,IT,employee890@company.com
EMP0891,Employee 891,HR,employee891@company.com
EMP0892,Employee 892,Sales,employee892@company.com
EMP0893,Employee 893,Finance,employee893@company.com
EMP0894,Employee 894,Admin,employee894@company.com
EMP0895,Employee 895,IT,employee895@company.com
EMP0896,Employee 896,HR,employee896@company.com
EMP0897,Employee 897,Sales,employee897@company.com
EMP0898,Employee 898,Finance,employee898@company.com
EMP0899,Employee 899,Admin,employee899@company.com
EMP0900,Employee 900,IT,employee900@company.com
EMP0901,Employee 901,HR,employee901@company.com
EMP0902,Employee 902,Sales,employee902@company.com
EMP0903,Employee 903,Finance,employee903@company.com
EMP0904,Employee 904,Admin,employee904@company.com
EMP0905,Employee 905,IT,employee905@company.com
EMP0906,Employee 906,HR,employee906@company.com
EMP0907,Employee 907,Sales,employee907@company.com
EMP0908,Employee 908,Finance,employee908@company.com
EMP0909,Employee 909,Admin,employee909@company.com
EMP0910,Employee 910,IT,employee910@company.com
EMP0911,Employee 911,HR,employee911@company.com
EMP0912,Employee 912,Sales,employee912@company.com
EMP0913,Employee 913,Finance,employee913@company.com
EMP0914,Employee 914,Admin,employee914@company.com
EMP0915,Employee 915,IT,employee915@company.com
EMP0916,Employee 916,HR,employee916@company.com
EMP0917,Employee 917,Sales,employee917@company.com
EMP0918,Employee 918,Finance,employee918@company.com
EMP0919,Employee 919,Admin,employee919@company.com
EMP0920,Employee 920,IT,employee920@company.com
EMP0921,Employee 921,HR,employee921@company.com
EMP0922,Employee 922,Sales,employee922@company.com
EMP0923,Employee 923,Finance,employee923@company.com
EMP0924,Employee 924,Admin,employee924@company.com
EMP0925,Employee 925,IT,employee925@company.com
EMP0926,Employee 926,HR,employee926@company.com
EMP0927,Employee 927,Sales,employee927@company.com
EMP0928,Employee 928,Finance,employee928@company.com
EMP0929,Employee 929,Admin,employee929@company.com
EMP0930,Employee 930,IT,employee930@company.com
EMP0931,Employee 931,HR,employee931@company.com
EMP0932,Employee 932,Sales,employee932@company.com
EMP0933,Employee 933,Finance,employee933@company.com
EMP0934,Employee 934,Admin,employee934@company.com
EMP0935,Employee 935,IT,employee935@company.com
EMP0936,Employee 936,HR,employee936@company.com
EMP0937,Employee 937,Sales,employee937@company.com
EMP0938,Employee 938,Finance,employee938@company.com
EMP0939,Employee 939,Admin,employee939@company.com
EMP0940,Employee 940,IT,employee940@company.com
EMP0941,Employee 941,HR,employee941@company.com
EMP0942,Employee 942,Sales,employee942@company.com
EMP0943,Employee 943,Finance,employee943@company.com
EMP0944,Employee 944,Admin,employee944@company.com
EMP0945,Employee 945,IT,employee945@company.com
EMP0946,Employee 946,HR,employee946@company.com
EMP0947,Employee 947,Sales,employee947@company.com
EMP0948,Employee 948,Finance,employee948@company.com
EMP0949,Employee 949,Admin,employee949@company.com
EMP0950,Employee 950,IT,employee950@company.com
EMP0951,Employee 951,HR,employee951@company.com
EMP0952,Employee 952,Sales,employee952@company.com
EMP0953,Employee 953,Finance,employee953@company.com
EMP0954,Employee 954,Admin,employee954@company.com
EMP0955,Employee 955,IT,employee955@company.com
EMP0956,Employee 956,HR,employee956@company.com
EMP0957,Employee 957,Sales,employee957@company.com
EMP0958,Employee 958,Finance,employee958@company.com
EMP0959,Employee 959,Admin,employee959@company.com
EMP0960,Employee 960,IT,employee960@company.com
EMP0961,Employee 961,HR,employee961@company.com
EMP0962,Employee 962,Sales,employee962@company.com
EMP0963,Employee 963,Finance,employee963@company.com
EMP0964,Employee 964,Admin,employee964@company.com
EMP0965,Employee 965,IT,employee965@company.com
EMP0966,Employee 966,HR,employee966@company.com
EMP0967,Employee 967,Sales,employee967@company.com
EMP0968,Employee 968,Finance,employee968@company.com
EMP0969,Employee 969,Admin,employee969@company.com
EMP0970,Employee 970,IT,employee970@company.com
EMP0971,Employee 971,HR,employee971@company.com
EMP0972,Employee 972,Sales,employee972@company.com
EMP0973,Employee 973,Finance,employee973@company.com
EMP0974,Employee 974,Admin,employee974@company.com
EMP0975,Employee 975,IT,employee975@company.com
EMP0976,Employee 976,HR,employee976@company.com
EMP0977,Employee 977,Sales,employee977@company.com
EMP0978,Employee 978,Finance,employee978@company.com
EMP0979,Employee 979,Admin,employee979@company.com
EMP0980,Employee 980,IT,employee980@company.com
EMP0981,Employee 981,HR,employee981@company.com
EMP0982,Employee 982,Sales,employee982@company.com
EMP0983,Employee 983,Finance,employee983@company.com
EMP0984,Employee 984,Admin,employee984@company.com
EMP0985,Employee 985,IT,employee985@company.com
EMP0986,Employee 986,HR,employee986@company.com
EMP0987,Employee 987,Sales,employee987@company.com
EMP0988,Employee 988,Finance,employee988@company.com
EMP0989,Employee 989,Admin,employee989@company.com
EMP0990,Employee 990,IT,employee990@company.com
EMP0991,Employee 991,HR,employee991@company.com
EMP0992,Employee 992,Sales,employee992@company.com
EMP0993,Employee 993,Finance,employee993@company.com
EMP0994,Employee 994,Admin,employee994@company.com
EMP0995,Employee 995,IT,employee995@company.com
EMP0996,Employee 996,HR,employee996@company.com
EMP0997,Employee 997,Sales,employee997@company.com
EMP0998,Employee 998,Finance,employee998@company.com
EMP0999,Employee 999,Admin,employee999@company.com
EMP1000,Employee 1000,IT,employee1000@company.com
EMP1001,Employee 1001,HR,employee1001@company.com
EMP1002,Employee 1002,Sales,employee1002@company.com
EMP1003,Employee 1003,Finance,employee1003@company.com
EMP1004,Employee 1004,Admin,employee1004@company.com
EMP1005,Employee 1005,IT,employee1005@company.com
EMP1006,Employee 1006,HR,employee1006@company.com
EMP1007,Employee 1007,Sales,employee1007@company.com
EMP1008,Employee 1008,Finance,employee1008@company.com
EMP1009,Employee 1009,Admin,employee1009@company.com
EMP1010,Employee 1010,IT,employee1010@company.com
EMP1011,Employee 1011,HR,employee1011@company.com
EMP1012,Employee 1012,Sales,employee1012@company.com
EMP1013,Employee 1013,Finance,employee1013@company.com
EMP1014,Employee 1014,Admin,employee1014@company.com
EMP1015,Employee 1015,IT,employee1015@company.com
EMP1016,Employee 1016,HR,employee1016@company.com
EMP1017,Employee 1017,Sales,employee1017@company.com
EMP1018,Employee 1018,Finance,employee1018@company.com
EMP1019,Employee 1019,Admin,employee1019@company.com
EMP1020,Employee 1020,IT,employee1020@company.com
EMP1021,Employee 1021,HR,employee1021@company.com
EMP1022,Employee 1022,Sales,employee1022@company.com
EMP1023,Employee 1023,Finance,employee1023@company.com
EMP1024,Employee 1024,Admin,employee1024@company.com
EMP1025,Employee 1025,IT,employee1025@company.com
EMP1026,Employee 1026,HR,employee1026@company.com
EMP1027,Employee 1027,Sales,employee1027@company.com
EMP1028,Employee 1028,Finance,employee1028@company.com
EMP1029,Employee 1029,Admin,employee1029@company.com
EMP1030,Employee 1030,IT,employee1030@company.com
EMP1031,Employee 1031,HR,employee1031@company.com
EMP1032,Employee 1032,Sales,employee1032@company.com
EMP1033,Employee 1033,Finance,employee1033@company.com
EMP1034,Employee 1034,Admin,employee1034@company.com
EMP1035,Employee 1035,IT,employee1035@company.com
EMP1036,Employee 1036,HR,employee1036@company.com
EMP1037,Employee 1037,Sales,employee1037@company.com
EMP1038,Employee 1038,Finance,employee1038@company.com
EMP1039,Employee 1039,Admin,employee1039@company.com
EMP1040,Employee 1040,IT,employee1040@company.com
EMP1041,Employee 1041,HR,employee1041@company.com
EMP1042,Employee 1042,Sales,employee1042@company.com
EMP1043,Employee 1043,Finance,employee1043@company.com
EMP1044,Employee 1044,Admin,employee1044@company.com
EMP1045,Employee 1045,IT,employee1045@company.com
EMP1046,Employee 1046,HR,employee1046@company.com
EMP1047,Employee 1047,Sales,employee1047@company.com
EMP1048,Employee 1048,Finance,employee1048@company.com
EMP1049,Employee 1049,Admin,employee1049@company.com
EMP1050,Employee 1050,IT,employee1050@company.com
EMP1051,Employee 1051,HR,employee1051@company.com
EMP1052,Employee 1052,Sales,employee1052@company.com
EMP1053,Employee 1053,Finance,employee1053@company.com
EMP1054,Employee 1054,Admin,employee1054@company.com
EMP1055,Employee 1055,IT,employee1055@company.com
EMP1056,Employee 1056,HR,employee1056@company.com
EMP1057,Employee 1057,Sales,employee1057@company.com
EMP1058,Employee 1058,Finance,employee1058@company.com
EMP1059,Employee 1059,Admin,employee1059@company.com
EMP1060,Employee 1060,IT,employee1060@company.com
EMP1061,Employee 1061,HR,employee1061@company.com
EMP1062,Employee 1062,Sales,employee1062@company.com
EMP1063,Employee 1063,Finance,employee1063@company.com
EMP1064,Employee 1064,Admin,employee1064@company.com
EMP1065,Employee 1065,IT,employee1065@company.com
EMP1066,Employee 1066,HR,employee1066@company.com
EMP1067,Employee 1067,Sales,employee1067@company.com
EMP1068,Employee 1068,Finance,employee1068@company.com
EMP1069,Employee 1069,Admin,employee1069@company.com
EMP1070,Employee 1070,IT,employee1070@company.com
EMP1071,Employee 1071,HR,employee1071@company.com
EMP1072,Employee 1072,Sales,employee1072@company.com
EMP1073,Employee 1073,Finance,employee1073@company.com
EMP1074,Employee 1074,Admin,employee1074@company.com
EMP1075,Employee 1075,IT,employee1075@company.com
EMP1076,Employee 1076,HR,employee1076@company.com
EMP1077,Employee 1077,Sales,employee1077@company.com
EMP1078,Employee 1078,Finance,employee1078@company.com
EMP1079,Employee 1079,Admin,employee1079@company.com
EMP1080,Employee 1080,IT,employee1080@company.com
EMP1081,Employee 1081,HR,employee1081@company.com
EMP1082,Employee 1082,Sales,employee1082@company.com
EMP1083,Employee 1083,Finance,employee1083@company.com
EMP1084,Employee 1084,Admin,employee1084@company.com
EMP1085,Employee 1085,IT,employee1085@company.com
EMP1086,Employee 1086,HR,employee1086@company.com
EMP1087,Employee 1087,Sales,employee1087@company.com
EMP1088,Employee 1088,Finance,employee1088@company.com
EMP1089,Employee 1089,Admin,employee1089@company.com
EMP1090,Employee 1090,IT,employee1090@company.com
EMP1091,Employee 1091,HR,employee1091@company.com
EMP1092,Employee 1092,Sales,employee1092@company.com
EMP1093,Employee 1093,Finance,employee1093@company.com
EMP1094,Employee 1094,Admin,employee1094@company.com
EMP1095,Employee 1095,IT,employee1095@company.com
EMP1096,Employee 1096,HR,employee1096@company.com
EMP1097,Employee 1097,Sales,employee1097@company.com
EMP1098,Employee 1098,Finance,employee1098@company.com
EMP1099,Employee 1099,Admin,employee1099@company.com
EMP1100,Employee 1100,IT,employee1100@company.com
EMP1101,Employee 1101,HR,employee1101@company.com
EMP1102,Employee 1102,Sales,employee1102@company.com
EMP1103,Employee 1103,Finance,employee1103@company.com
EMP1104,Employee 1104,Admin,employee1104@company.com
EMP1105,Employee 1105,IT,employee1105@company.com
EMP1106,Employee 1106,HR,employee1106@company.com
EMP1107,Employee 1107,Sales,employee1107@company.com
EMP1108,Employee 1108,Finance,employee1108@company.com
EMP1109,Employee 1109,Admin,employee1109@company.com
EMP1110,Employee 1110,IT,employee1110@company.com
EMP1111,Employee 1111,HR,employee1111@company.com
EMP1112,Employee 1112,Sales,employee1112@company.com
EMP1113,Employee 1113,Finance,employee1113@company.com
EMP1114,Employee 1114,Admin,employee1114@company.com
EMP1115,Employee 1115,IT,employee1115@company.com
EMP1116,Employee 1116,HR,employee1116@company.com
EMP1117,Employee 1117,Sales,employee1117@company.com
EMP1118,Employee 1118,Finance,employee1118@company.com
EMP1119,Employee 1119,Admin,employee1119@company.com
EMP1120,Employee 1120,IT,employee1120@company.com
EMP1121,Employee 1121,HR,employee1121@company.com
EMP1122,Employee 1122,Sales,employee1122@company.com
EMP1123,Employee 1123,Finance,employee1123@company.com
EMP1124,Employee 1124,Admin,employee1124@company.com
EMP1125,Employee 1125,IT,employee1125@company.com
EMP1126,Employee 1126,HR,employee1126@company.com
EMP1127,Employee 1127,Sales,employee1127@company.com
EMP1128,Employee 1128,Finance,employee1128@company.com
EMP1129,Employee 1129,Admin,employee1129@company.com
EMP1130,Employee 1130,IT,employee1130@company.com
EMP1131,Employee 1131,HR,employee1131@company.com
EMP1132,Employee 1132,Sales,employee1132@company.com
EMP1133,Employee 1133,Finance,employee1133@company.com
EMP1134,Employee 1134,Admin,employee1134@company.com
EMP1135,Employee 1135,IT,employee1135@company.com
EMP1136,Employee 1136,HR,employee1136@company.com
EMP1137,Employee 1137,Sales,employee1137@company.com
EMP1138,Employee 1138,Finance,employee1138@company.com
EMP1139,Employee 1139,Admin,employee1139@company.com
EMP1140,Employee 1140,IT,employee1140@company.com
EMP1141,Employee 1141,HR,employee1141@company.com
EMP1142,Employee 1142,Sales,employee1142@company.com
EMP1143,Employee 1143,Finance,employee1143@company.com
EMP1144,Employee 1144,Admin,employee1144@company.com
EMP1145,Employee 1145,IT,employee1145@company.com
EMP1146,Employee 1146,HR,employee1146@company.com
EMP1147,Employee 1147,Sales,employee1147@company.com
EMP1148,Employee 1148,Finance,employee1148@company.com
EMP1149,Employee 1149,Admin,employee1149@company.com
EMP1150,Employee 1150,IT,employee1150@company.com
EMP1151,Employee 1151,HR,employee1151@company.com
EMP1152,Employee 1152,Sales,employee1152@company.com
EMP1153,Employee 1153,Finance,employee1153@company.com
EMP1154,Employee 1154,Admin,employee1154@company.com
EMP1155,Employee 1155,IT,employee1155@company.com
EMP1156,Employee 1156,HR,employee1156@company.com
EMP1157,Employee 1157,Sales,employee1157@company.com
EMP1158,Employee 1158,Finance,employee1158@company.com
EMP1159,Employee 1159,Admin,employee1159@company.com
EMP1160,Employee 1160,IT,employee1160@company.com
EMP1161,Employee 1161,HR,employee1161@company.com
EMP1162,Employee 1162,Sales,employee1162@company.com
EMP1163,Employee 1163,Finance,employee1163@company.com
EMP1164,Employee 1164,Admin,employee1164@company.com
EMP1165,Employee 1165,IT,employee1165@company.com
EMP1166,Employee 1166,HR,employee1166@company.com
EMP1167,Employee 1167,Sales,employee1167@company.com
EMP1168,Employee 1168,Finance,employee1168@company.com
EMP1169,Employee 1169,Admin,employee1169@company.com
EMP1170,Employee 1170,IT,employee1170@company.com
EMP1171,Employee 1171,HR,employee1171@company.com
EMP1172,Employee 1172,Sales,employee1172@company.com
EMP1173,Employee 1173,Finance,employee1173@company.com
EMP1174,Employee 1174,Admin,employee1174@company.com
EMP1175,Employee 1175,IT,employee1175@company.com
EMP1176,Employee 1176,HR,employee1176@company.com
EMP1177,Employee 1177,Sales,employee1177@company.com
EMP1178,Employee 1178,Finance,employee1178@company.com
EMP1179,Employee 1179,Admin,employee1179@company.com
EMP1180,Employee 1180,IT,employee1180@company.com
EMP1181,Employee 1181,HR,employee1181@company.com
EMP1182,Employee 1182,Sales,employee1182@company.com
EMP1183,Employee 1183,Finance,employee1183@company.com
EMP1184,Employee 1184,Admin,employee1184@company.com
EMP1185,Employee 1185,IT,employee1185@company.com
EMP1186,Employee 1186,HR,employee1186@company.com
EMP1187,Employee 1187,Sales,employee1187@company.com
EMP1188,Employee 1188,Finance,employee1188@company.com
EMP1189,Employee 1189,Admin,employee1189@company.com
EMP1190,Employee 1190,IT,employee1190@company.com
EMP1191,Employee 1191,HR,employee1191@company.com
EMP1192,Employee 1192,Sales,employee1192@company.com
EMP1193,Employee 1193,Finance,employee1193@company.com
EMP1194,Employee 1194,Admin,employee1194@company.com
EMP1195,Employee 1195,IT,employee1195@company.com
EMP1196,Employee 1196,HR,employee1196@company.com
EMP1197,Employee 1197,Sales,employee1197@company.com
EMP1198,Employee 1198,Finance,employee1198@company.com
EMP1199,Employee 1199,Admin,employee1199@company.com
EMP1200,Employee 1200,IT,employee1200@company.com
